Rank,Paper,Year,DOI,Dataset,Task,Architecture,Segmentation,CNN,Transformer,XAI,Fairness,Uncertainty,Three_Datasets,External_Validation,Statistical_Testing,Ablation,Direct_Competitor,Verification_Source,Notes
1,Transformer-aided skin cancer classification using VGG19-based feature encoding,2025,10.1038/s41598-025-24081-w,MSK10000;HAM10000;PH2,Classification,VGG19-RSPDA-ViT,No,Yes,Yes,Yes;Grad-CAM,No,No,Yes,Limited;cross-dataset evaluation reported,No,Not established,Yes,Yes,Scientific Reports primary article,Very close CNN-Transformer classification competitor; novelty must go beyond hybrid architecture and three-dataset evaluation
2,CTH-Net: A CNN and Transformer hybrid network for skin lesion segmentation,2024,10.1016/j.isci.2024.109442,ISIC2016;ISIC2017;ISIC2018;PH2,Segmentation,CTH-Net dual CNN-Transformer encoder,Yes,Yes,Yes,No,No,No,Yes,No,Not established,Yes,No;segmentation rather than classification,iScience primary article,Important precedent for CNN-Transformer lesion segmentation and PH2 evaluation
Rank,Paper,Year,DOI,Dataset,Task,Architecture,Segmentation,CNN,Transformer,XAI,Fairness,Uncertainty,Three_Datasets,External_Validation,Statistical_Testing,Ablation,Direct_Competitor,Verification_Status
3,Hybrid ViT-GNN model with region-adaptive attention for skin cancer prediction,2026,10.1038/s41598-025-32502-z,ISIC2020;HAM10000;PH2,Classification,ViT + GNN + region-adaptive attention,No,Partial,Yes,Not established,Not established,Not established,Yes,Not established,Not established,Not established,Yes,Pending primary verification
4,Semi-supervised GAN hybrid melanoma detection with evolutionary optimization,2025,10.1038/s41598-025-17756-x,ISIC2020;HAM10000;PH2;DermNet,Melanoma classification,CNN + GAN + hybrid regularization + evolutionary optimization,No,Yes,Partial,No,No,No,Yes,Yes,Yes,Yes,Yes,Pending primary verification
5,MultiExCam explainable AI architecture for skin lesion classification,2025,Not yet established,HAM10000;ISIC;MED-NODE,Classification,CNN ensemble + explainability framework,No,Yes,Partial,Yes;Grad-CAM;SHAP,Not established,Not established,Yes,Not established,Not established,Yes,Yes,Pending DOI/primary verification
Rank,Paper,Year,DOI,Datasets,Task,Architecture,XAI,Fairness,Uncertainty,Calibration,External_Validation,Statistical_Testing,Ablation,Direct_Relevance
6,Conformal uncertainty quantification to evaluate predictive fairness of foundation AI model for skin lesion classes across patient demographics,2025,10.1007/s13755-025-00412-z,ISIC2019;ASAN,Skin lesion classification,ViT foundation model + MLP classifier,No,Yes;sex;age;ethnicity,Yes;conformal prediction,Yes;ECE;MCE,Yes;cross-dataset,Yes,Yes;sampling comparison,Very High
7,Vision transformer-based uncertainty quantification for triaging skin lesions: a probabilistic framework for automated biopsy recommendation,2026,10.3389/fbioe.2026.1859844,ISIC composite database,Skin lesion triage,Swin Transformer + Evidential Deep Learning + cross-attention,No,Not primary focus,Yes;Dirichlet/evidential uncertainty,Yes;ECE,Not established,Yes;comparative evaluation,High
8,Fuzzy cognitive explainable AI framework integrating ResNet-50 and causal clinical concept reasoning for skin lesion detection,2026,10.1038/s41598-026-60659-8,ISIC;PH2,Skin lesion detection,ResNet-50 + fuzzy cognitive map,Yes;concept-level XAI,Not primary focus,Yes,Not established,Yes;PH2 evaluation,Not established,Not established,High
9,Enhancing Fairness in Skin Lesion Classification for Medical Diagnosis Using Prune Learning,2026,10.1109/JBHI.2026.3652910,Not yet established,Skin lesion classification,Prune-learning fairness framework,Not established,Yes;skin-color bias,Not established,Not established,Not established,Not established,Not established,Very High
